0_3torus-4-4-4-400Gbps;	bt;	Returned_-8;	verbose:true;	switchperrack:1;	nodeperswitch:1;	replay:none;	runtype:simgrid;	repeats:1;	maxprocesses:28;	cleanafter:true;	bfstype:replicated;	himenogridsize:S;	privatize:yes;	corepernode:1;	himenokmax:4;	cacheusage:use;	power:1000000000000.0;	cablebw:25000000000.0;	switchlat:0;	collselector:mvapich2;	switchbw:1.0e+16;	defaultdistance:5;	addproperties:[];	tracing:false;	configpath:/home/huyao/simgrid-template/MpiEnv/config/petra20170524-huyao;	nswitches:64;	resultfile:result_64;	displayname:0_3torus-4-4-4-400Gbps;	layoutedges:size_64/3torus-4-4-4-400Gbps.edges;	platformfile:platforms/0_3torus-4-4-4-400Gbps.xml;	hostfile:platforms/0_3torus-4-4-4-400Gbps.txt;	benchname:bt;	benchclass:B;	resultpath:/home/huyao/simgrid-template/MpiEnv/config/petra20170524-huyao/result_64.csv;	
0_petra-elec_fullyconnected;	mg;	Returned_-3;	verbose:true;	switchperrack:1;	nodeperswitch:1;	replay:none;	runtype:simgrid;	repeats:1;	maxprocesses:28;	cleanafter:true;	bfstype:replicated;	himenogridsize:S;	privatize:yes;	corepernode:1;	himenokmax:4;	cacheusage:use;	power:1000000000000.0;	cablebw:25000000000.0;	switchlat:0;	collselector:mvapich2;	switchbw:1.0e+16;	defaultdistance:5;	addproperties:[];	tracing:false;	configpath:/home/huyao/simgrid-template/MpiEnv/config/petra20170524-huyao;	nswitches:64;	resultfile:result_64;	displayname:0_petra-elec_fullyconnected;	layoutedges:size_64/petra-elec_fullyconnected.edges;	platformfile:platforms/0_petra-elec_fullyconnected.xml;	hostfile:platforms/0_petra-elec_fullyconnected.txt;	benchname:mg;	benchclass:B;	resultpath:/home/huyao/simgrid-template/MpiEnv/config/petra20170524-huyao/result_64.csv;	
0_petra-elec_fullyconnected;	graph500;	Returned_-3;	verbose:true;	switchperrack:1;	nodeperswitch:1;	replay:none;	runtype:simgrid;	repeats:1;	maxprocesses:28;	cleanafter:true;	bfstype:replicated;	himenogridsize:S;	privatize:yes;	corepernode:1;	himenokmax:4;	cacheusage:use;	power:1000000000000.0;	cablebw:25000000000.0;	switchlat:0;	collselector:mvapich2;	switchbw:1.0e+16;	defaultdistance:5;	addproperties:[];	tracing:false;	configpath:/home/huyao/simgrid-template/MpiEnv/config/petra20170524-huyao;	nswitches:64;	resultfile:result_64;	displayname:0_petra-elec_fullyconnected;	layoutedges:size_64/petra-elec_fullyconnected.edges;	platformfile:platforms/0_petra-elec_fullyconnected.xml;	hostfile:platforms/0_petra-elec_fullyconnected.txt;	benchname:graph500;	benchclass:tiny;	resultpath:/home/huyao/simgrid-template/MpiEnv/config/petra20170524-huyao/result_64.csv;	
0_petra-hikari-fullyconnected;	mm;	Returned_-3;	verbose:true;	switchperrack:1;	nodeperswitch:1;	replay:none;	runtype:simgrid;	repeats:1;	maxprocesses:28;	cleanafter:true;	bfstype:replicated;	himenogridsize:S;	privatize:yes;	corepernode:1;	himenokmax:4;	cacheusage:use;	power:1000000000000.0;	cablebw:25000000000.0;	switchlat:0;	collselector:mvapich2;	switchbw:1.0e+16;	defaultdistance:5;	addproperties:[];	tracing:false;	configpath:/home/huyao/simgrid-template/MpiEnv/config/petra20170524-huyao;	nswitches:64;	resultfile:result_64;	displayname:0_petra-hikari-fullyconnected;	layoutedges:size_64/petra-hikari-fullyconnected.edges;	platformfile:platforms/0_petra-hikari-fullyconnected.xml;	hostfile:platforms/0_petra-hikari-fullyconnected.txt;	benchname:mm;	benchclass:tiny;	resultpath:/home/huyao/simgrid-template/MpiEnv/config/petra20170524-huyao/result_64.csv;	
0_petra-hikari-fullyconnected;	bt;	Returned_-3;	verbose:true;	switchperrack:1;	nodeperswitch:1;	replay:none;	runtype:simgrid;	repeats:1;	maxprocesses:28;	cleanafter:true;	bfstype:replicated;	himenogridsize:S;	privatize:yes;	corepernode:1;	himenokmax:4;	cacheusage:use;	power:1000000000000.0;	cablebw:25000000000.0;	switchlat:0;	collselector:mvapich2;	switchbw:1.0e+16;	defaultdistance:5;	addproperties:[];	tracing:false;	configpath:/home/huyao/simgrid-template/MpiEnv/config/petra20170524-huyao;	nswitches:64;	resultfile:result_64;	displayname:0_petra-hikari-fullyconnected;	layoutedges:size_64/petra-hikari-fullyconnected.edges;	platformfile:platforms/0_petra-hikari-fullyconnected.xml;	hostfile:platforms/0_petra-hikari-fullyconnected.txt;	benchname:bt;	benchclass:B;	resultpath:/home/huyao/simgrid-template/MpiEnv/config/petra20170524-huyao/result_64.csv;	
0_petra-hikari-fullyconnected;	cg;	Returned_-3;	verbose:true;	switchperrack:1;	nodeperswitch:1;	replay:none;	runtype:simgrid;	repeats:1;	maxprocesses:28;	cleanafter:true;	bfstype:replicated;	himenogridsize:S;	privatize:yes;	corepernode:1;	himenokmax:4;	cacheusage:use;	power:1000000000000.0;	cablebw:25000000000.0;	switchlat:0;	collselector:mvapich2;	switchbw:1.0e+16;	defaultdistance:5;	addproperties:[];	tracing:false;	configpath:/home/huyao/simgrid-template/MpiEnv/config/petra20170524-huyao;	nswitches:64;	resultfile:result_64;	displayname:0_petra-hikari-fullyconnected;	layoutedges:size_64/petra-hikari-fullyconnected.edges;	platformfile:platforms/0_petra-hikari-fullyconnected.xml;	hostfile:platforms/0_petra-hikari-fullyconnected.txt;	benchname:cg;	benchclass:B;	resultpath:/home/huyao/simgrid-template/MpiEnv/config/petra20170524-huyao/result_64.csv;	
0_3torus-4-4-4-1Tbps;	ft;	Returned_-8;	verbose:true;	switchperrack:1;	nodeperswitch:1;	replay:none;	runtype:simgrid;	repeats:1;	maxprocesses:28;	cleanafter:true;	bfstype:replicated;	himenogridsize:S;	privatize:yes;	corepernode:1;	himenokmax:4;	cacheusage:use;	power:1000000000000.0;	cablebw:25000000000.0;	switchlat:0;	collselector:mvapich2;	switchbw:1.0e+16;	defaultdistance:5;	addproperties:[];	tracing:false;	configpath:/home/huyao/simgrid-template/MpiEnv/config/petra20170524-huyao;	nswitches:64;	resultfile:result_64;	displayname:0_3torus-4-4-4-1Tbps;	layoutedges:size_64/3torus-4-4-4-1Tbps.edges;	platformfile:platforms/0_3torus-4-4-4-1Tbps.xml;	hostfile:platforms/0_3torus-4-4-4-1Tbps.txt;	benchname:ft;	benchclass:A;	resultpath:/home/huyao/simgrid-template/MpiEnv/config/petra20170524-huyao/result_64.csv;	
0_3torus-4-4-4-400Gbps;	mm;	0.0108708;	91.98954998712146;	1.4373367185487729;	verbose:true;	switchperrack:1;	nodeperswitch:1;	replay:none;	runtype:simgrid;	repeats:1;	maxprocesses:28;	cleanafter:true;	bfstype:replicated;	himenogridsize:S;	privatize:yes;	corepernode:1;	himenokmax:4;	cacheusage:use;	power:1000000000000.0;	cablebw:25000000000.0;	switchlat:0;	collselector:mvapich2;	switchbw:1.0e+16;	defaultdistance:5;	addproperties:[];	tracing:false;	configpath:/home/huyao/simgrid-template/MpiEnv/config/petra20170524-huyao;	nswitches:64;	resultfile:result_64;	displayname:0_3torus-4-4-4-400Gbps;	layoutedges:size_64/3torus-4-4-4-400Gbps.edges;	platformfile:platforms/0_3torus-4-4-4-400Gbps.xml;	hostfile:platforms/0_3torus-4-4-4-400Gbps.txt;	benchname:mm;	resultpath:/home/huyao/simgrid-template/MpiEnv/config/petra20170524-huyao/result_64.csv;	
0_petra-hikari-fullyconnected;	ft;	0.00824476;	999291.92;	15613.94;	verbose:true;	switchperrack:1;	nodeperswitch:1;	replay:none;	runtype:simgrid;	repeats:1;	maxprocesses:28;	cleanafter:true;	bfstype:replicated;	himenogridsize:S;	privatize:yes;	corepernode:1;	himenokmax:4;	cacheusage:use;	power:1000000000000.0;	cablebw:25000000000.0;	switchlat:0;	collselector:mvapich2;	switchbw:1.0e+16;	defaultdistance:5;	addproperties:[];	tracing:false;	configpath:/home/huyao/simgrid-template/MpiEnv/config/petra20170524-huyao;	nswitches:64;	resultfile:result_64;	displayname:0_petra-hikari-fullyconnected;	layoutedges:size_64/petra-hikari-fullyconnected.edges;	platformfile:platforms/0_petra-hikari-fullyconnected.xml;	hostfile:platforms/0_petra-hikari-fullyconnected.txt;	benchname:ft;	benchclass:A;	resultpath:/home/huyao/simgrid-template/MpiEnv/config/petra20170524-huyao/result_64.csv;	
0_3torus-4-4-4-400Gbps;	dt;	0.02;	6220.48;	97.2;	verbose:true;	switchperrack:1;	nodeperswitch:1;	replay:none;	runtype:simgrid;	repeats:1;	maxprocesses:28;	cleanafter:true;	bfstype:replicated;	himenogridsize:S;	privatize:yes;	corepernode:1;	himenokmax:4;	cacheusage:use;	power:1000000000000.0;	cablebw:25000000000.0;	switchlat:0;	collselector:mvapich2;	switchbw:1.0e+16;	defaultdistance:5;	addproperties:[];	tracing:false;	configpath:/home/huyao/simgrid-template/MpiEnv/config/petra20170524-huyao;	nswitches:64;	resultfile:result_64;	displayname:0_3torus-4-4-4-400Gbps;	layoutedges:size_64/3torus-4-4-4-400Gbps.edges;	platformfile:platforms/0_3torus-4-4-4-400Gbps.xml;	hostfile:platforms/0_3torus-4-4-4-400Gbps.txt;	benchname:dt;	benchclass:B;	resultpath:/home/huyao/simgrid-template/MpiEnv/config/petra20170524-huyao/result_64.csv;	
0_3torus-4-4-4-1Tbps;	mm;	0.0108708;	91.98954998712146;	1.4373367185487729;	verbose:true;	switchperrack:1;	nodeperswitch:1;	replay:none;	runtype:simgrid;	repeats:1;	maxprocesses:28;	cleanafter:true;	bfstype:replicated;	himenogridsize:S;	privatize:yes;	corepernode:1;	himenokmax:4;	cacheusage:use;	power:1000000000000.0;	cablebw:25000000000.0;	switchlat:0;	collselector:mvapich2;	switchbw:1.0e+16;	defaultdistance:5;	addproperties:[];	tracing:false;	configpath:/home/huyao/simgrid-template/MpiEnv/config/petra20170524-huyao;	nswitches:64;	resultfile:result_64;	displayname:0_3torus-4-4-4-1Tbps;	layoutedges:size_64/3torus-4-4-4-1Tbps.edges;	platformfile:platforms/0_3torus-4-4-4-1Tbps.xml;	hostfile:platforms/0_3torus-4-4-4-1Tbps.txt;	benchname:mm;	benchclass:tiny;	resultpath:/home/huyao/simgrid-template/MpiEnv/config/petra20170524-huyao/result_64.csv;	
0_petra-elec_fullyconnected;	mm;	0.00625293;	159.92502714727334;	2.498828549176146;	verbose:true;	switchperrack:1;	nodeperswitch:1;	replay:none;	runtype:simgrid;	repeats:1;	maxprocesses:28;	cleanafter:true;	bfstype:replicated;	himenogridsize:S;	privatize:yes;	corepernode:1;	himenokmax:4;	cacheusage:use;	power:1000000000000.0;	cablebw:25000000000.0;	switchlat:0;	collselector:mvapich2;	switchbw:1.0e+16;	defaultdistance:5;	addproperties:[];	tracing:false;	configpath:/home/huyao/simgrid-template/MpiEnv/config/petra20170524-huyao;	nswitches:64;	resultfile:result_64;	displayname:0_petra-elec_fullyconnected;	layoutedges:size_64/petra-elec_fullyconnected.edges;	platformfile:platforms/0_petra-elec_fullyconnected.xml;	hostfile:platforms/0_petra-elec_fullyconnected.txt;	benchname:mm;	benchclass:tiny;	resultpath:/home/huyao/simgrid-template/MpiEnv/config/petra20170524-huyao/result_64.csv;	
0_petra-hikari-fullyconnected;	mg;	0.0171229;	1445910.74;	22592.36;	verbose:true;	switchperrack:1;	nodeperswitch:1;	replay:none;	runtype:simgrid;	repeats:1;	maxprocesses:28;	cleanafter:true;	bfstype:replicated;	himenogridsize:S;	privatize:yes;	corepernode:1;	himenokmax:4;	cacheusage:use;	power:1000000000000.0;	cablebw:25000000000.0;	switchlat:0;	collselector:mvapich2;	switchbw:1.0e+16;	defaultdistance:5;	addproperties:[];	tracing:false;	configpath:/home/huyao/simgrid-template/MpiEnv/config/petra20170524-huyao;	nswitches:64;	resultfile:result_64;	displayname:0_petra-hikari-fullyconnected;	layoutedges:size_64/petra-hikari-fullyconnected.edges;	platformfile:platforms/0_petra-hikari-fullyconnected.xml;	hostfile:platforms/0_petra-hikari-fullyconnected.txt;	benchname:mg;	benchclass:B;	resultpath:/home/huyao/simgrid-template/MpiEnv/config/petra20170524-huyao/result_64.csv;	
0_petra-hikari-fullyconnected;	dt;	0.01;	11058.83;	172.79;	verbose:true;	switchperrack:1;	nodeperswitch:1;	replay:none;	runtype:simgrid;	repeats:1;	maxprocesses:28;	cleanafter:true;	bfstype:replicated;	himenogridsize:S;	privatize:yes;	corepernode:1;	himenokmax:4;	cacheusage:use;	power:1000000000000.0;	cablebw:25000000000.0;	switchlat:0;	collselector:mvapich2;	switchbw:1.0e+16;	defaultdistance:5;	addproperties:[];	tracing:false;	configpath:/home/huyao/simgrid-template/MpiEnv/config/petra20170524-huyao;	nswitches:64;	resultfile:result_64;	displayname:0_petra-hikari-fullyconnected;	layoutedges:size_64/petra-hikari-fullyconnected.edges;	platformfile:platforms/0_petra-hikari-fullyconnected.xml;	hostfile:platforms/0_petra-hikari-fullyconnected.txt;	benchname:dt;	benchclass:B;	resultpath:/home/huyao/simgrid-template/MpiEnv/config/petra20170524-huyao/result_64.csv;	
0_3torus-4-4-4-1Tbps;	mg;	0.0218113;	1373814.99;	21465.86;	verbose:true;	switchperrack:1;	nodeperswitch:1;	replay:none;	runtype:simgrid;	repeats:1;	maxprocesses:28;	cleanafter:true;	bfstype:replicated;	himenogridsize:S;	privatize:yes;	corepernode:1;	himenokmax:4;	cacheusage:use;	power:1000000000000.0;	cablebw:25000000000.0;	switchlat:0;	collselector:mvapich2;	switchbw:1.0e+16;	defaultdistance:5;	addproperties:[];	tracing:false;	configpath:/home/huyao/simgrid-template/MpiEnv/config/petra20170524-huyao;	nswitches:64;	resultfile:result_64;	displayname:0_3torus-4-4-4-1Tbps;	layoutedges:size_64/3torus-4-4-4-1Tbps.edges;	platformfile:platforms/0_3torus-4-4-4-1Tbps.xml;	hostfile:platforms/0_3torus-4-4-4-1Tbps.txt;	benchname:mg;	benchclass:B;	resultpath:/home/huyao/simgrid-template/MpiEnv/config/petra20170524-huyao/result_64.csv;	
0_petra-elec_fullyconnected;	dt;	0.01;	11058.83;	172.79;	verbose:true;	switchperrack:1;	nodeperswitch:1;	replay:none;	runtype:simgrid;	repeats:1;	maxprocesses:28;	cleanafter:true;	bfstype:replicated;	himenogridsize:S;	privatize:yes;	corepernode:1;	himenokmax:4;	cacheusage:use;	power:1000000000000.0;	cablebw:25000000000.0;	switchlat:0;	collselector:mvapich2;	switchbw:1.0e+16;	defaultdistance:5;	addproperties:[];	tracing:false;	configpath:/home/huyao/simgrid-template/MpiEnv/config/petra20170524-huyao;	nswitches:64;	resultfile:result_64;	displayname:0_petra-elec_fullyconnected;	layoutedges:size_64/petra-elec_fullyconnected.edges;	platformfile:platforms/0_petra-elec_fullyconnected.xml;	hostfile:platforms/0_petra-elec_fullyconnected.txt;	benchname:dt;	benchclass:B;	resultpath:/home/huyao/simgrid-template/MpiEnv/config/petra20170524-huyao/result_64.csv;	
0_3torus-4-4-4-400Gbps;	ft;	0.0199424;	413327.59;	6458.24;	verbose:true;	switchperrack:1;	nodeperswitch:1;	replay:none;	runtype:simgrid;	repeats:1;	maxprocesses:28;	cleanafter:true;	bfstype:replicated;	himenogridsize:S;	privatize:yes;	corepernode:1;	himenokmax:4;	cacheusage:use;	power:1000000000000.0;	cablebw:25000000000.0;	switchlat:0;	collselector:mvapich2;	switchbw:1.0e+16;	defaultdistance:5;	addproperties:[];	tracing:false;	configpath:/home/huyao/simgrid-template/MpiEnv/config/petra20170524-huyao;	nswitches:64;	resultfile:result_64;	displayname:0_3torus-4-4-4-400Gbps;	layoutedges:size_64/3torus-4-4-4-400Gbps.edges;	platformfile:platforms/0_3torus-4-4-4-400Gbps.xml;	hostfile:platforms/0_3torus-4-4-4-400Gbps.txt;	benchname:ft;	benchclass:A;	resultpath:/home/huyao/simgrid-template/MpiEnv/config/petra20170524-huyao/result_64.csv;	
0_petra-elec_fullyconnected;	ft;	0.00824476;	999291.85;	15613.94;	verbose:true;	switchperrack:1;	nodeperswitch:1;	replay:none;	runtype:simgrid;	repeats:1;	maxprocesses:28;	cleanafter:true;	bfstype:replicated;	himenogridsize:S;	privatize:yes;	corepernode:1;	himenokmax:4;	cacheusage:use;	power:1000000000000.0;	cablebw:25000000000.0;	switchlat:0;	collselector:mvapich2;	switchbw:1.0e+16;	defaultdistance:5;	addproperties:[];	tracing:false;	configpath:/home/huyao/simgrid-template/MpiEnv/config/petra20170524-huyao;	nswitches:64;	resultfile:result_64;	displayname:0_petra-elec_fullyconnected;	layoutedges:size_64/petra-elec_fullyconnected.edges;	platformfile:platforms/0_petra-elec_fullyconnected.xml;	hostfile:platforms/0_petra-elec_fullyconnected.txt;	benchname:ft;	benchclass:A;	resultpath:/home/huyao/simgrid-template/MpiEnv/config/petra20170524-huyao/result_64.csv;	
0_3torus-4-4-4-1Tbps;	dt;	0.02;	6220.48;	97.2;	verbose:true;	switchperrack:1;	nodeperswitch:1;	replay:none;	runtype:simgrid;	repeats:1;	maxprocesses:28;	cleanafter:true;	bfstype:replicated;	himenogridsize:S;	privatize:yes;	corepernode:1;	himenokmax:4;	cacheusage:use;	power:1000000000000.0;	cablebw:25000000000.0;	switchlat:0;	collselector:mvapich2;	switchbw:1.0e+16;	defaultdistance:5;	addproperties:[];	tracing:false;	configpath:/home/huyao/simgrid-template/MpiEnv/config/petra20170524-huyao;	nswitches:64;	resultfile:result_64;	displayname:0_3torus-4-4-4-1Tbps;	layoutedges:size_64/3torus-4-4-4-1Tbps.edges;	platformfile:platforms/0_3torus-4-4-4-1Tbps.xml;	hostfile:platforms/0_3torus-4-4-4-1Tbps.txt;	benchname:dt;	benchclass:B;	resultpath:/home/huyao/simgrid-template/MpiEnv/config/petra20170524-huyao/result_64.csv;	
0_petra-elec_fullyconnected;	is;	0.0;	84194.34;	1315.54;	verbose:true;	switchperrack:1;	nodeperswitch:1;	replay:none;	runtype:simgrid;	repeats:1;	maxprocesses:28;	cleanafter:true;	bfstype:replicated;	himenogridsize:S;	privatize:yes;	corepernode:1;	himenokmax:4;	cacheusage:use;	power:1000000000000.0;	cablebw:25000000000.0;	switchlat:0;	collselector:mvapich2;	switchbw:1.0e+16;	defaultdistance:5;	addproperties:[];	tracing:false;	configpath:/home/huyao/simgrid-template/MpiEnv/config/petra20170524-huyao;	nswitches:64;	resultfile:result_64;	displayname:0_petra-elec_fullyconnected;	layoutedges:size_64/petra-elec_fullyconnected.edges;	platformfile:platforms/0_petra-elec_fullyconnected.xml;	hostfile:platforms/0_petra-elec_fullyconnected.txt;	benchname:is;	benchclass:A;	resultpath:/home/huyao/simgrid-template/MpiEnv/config/petra20170524-huyao/result_64.csv;	
0_3torus-4-4-4-400Gbps;	mg;	0.0218113;	1373814.96;	21465.86;	verbose:true;	switchperrack:1;	nodeperswitch:1;	replay:none;	runtype:simgrid;	repeats:1;	maxprocesses:28;	cleanafter:true;	bfstype:replicated;	himenogridsize:S;	privatize:yes;	corepernode:1;	himenokmax:4;	cacheusage:use;	power:1000000000000.0;	cablebw:25000000000.0;	switchlat:0;	collselector:mvapich2;	switchbw:1.0e+16;	defaultdistance:5;	addproperties:[];	tracing:false;	configpath:/home/huyao/simgrid-template/MpiEnv/config/petra20170524-huyao;	nswitches:64;	resultfile:result_64;	displayname:0_3torus-4-4-4-400Gbps;	layoutedges:size_64/3torus-4-4-4-400Gbps.edges;	platformfile:platforms/0_3torus-4-4-4-400Gbps.xml;	hostfile:platforms/0_3torus-4-4-4-400Gbps.txt;	benchname:mg;	benchclass:B;	resultpath:/home/huyao/simgrid-template/MpiEnv/config/petra20170524-huyao/result_64.csv;	
0_3torus-4-4-4-1Tbps;	cg;	1.13297;	48935.99;	764.62;	verbose:true;	switchperrack:1;	nodeperswitch:1;	replay:none;	runtype:simgrid;	repeats:1;	maxprocesses:28;	cleanafter:true;	bfstype:replicated;	himenogridsize:S;	privatize:yes;	corepernode:1;	himenokmax:4;	cacheusage:use;	power:1000000000000.0;	cablebw:25000000000.0;	switchlat:0;	collselector:mvapich2;	switchbw:1.0e+16;	defaultdistance:5;	addproperties:[];	tracing:false;	configpath:/home/huyao/simgrid-template/MpiEnv/config/petra20170524-huyao;	nswitches:64;	resultfile:result_64;	displayname:0_3torus-4-4-4-1Tbps;	layoutedges:size_64/3torus-4-4-4-1Tbps.edges;	platformfile:platforms/0_3torus-4-4-4-1Tbps.xml;	hostfile:platforms/0_3torus-4-4-4-1Tbps.txt;	benchname:cg;	benchclass:B;	resultpath:/home/huyao/simgrid-template/MpiEnv/config/petra20170524-huyao/result_64.csv;	
0_3torus-4-4-4-1Tbps;	is;	0.0;	30526.87;	476.98;	verbose:true;	switchperrack:1;	nodeperswitch:1;	replay:none;	runtype:simgrid;	repeats:1;	maxprocesses:28;	cleanafter:true;	bfstype:replicated;	himenogridsize:S;	privatize:yes;	corepernode:1;	himenokmax:4;	cacheusage:use;	power:1000000000000.0;	cablebw:25000000000.0;	switchlat:0;	collselector:mvapich2;	switchbw:1.0e+16;	defaultdistance:5;	addproperties:[];	tracing:false;	configpath:/home/huyao/simgrid-template/MpiEnv/config/petra20170524-huyao;	nswitches:64;	resultfile:result_64;	displayname:0_3torus-4-4-4-1Tbps;	layoutedges:size_64/3torus-4-4-4-1Tbps.edges;	platformfile:platforms/0_3torus-4-4-4-1Tbps.xml;	hostfile:platforms/0_3torus-4-4-4-1Tbps.txt;	benchname:is;	benchclass:A;	resultpath:/home/huyao/simgrid-template/MpiEnv/config/petra20170524-huyao/result_64.csv;	
0_petra-hikari-fullyconnected;	is;	0.0;	84194.34;	1315.54;	verbose:true;	switchperrack:1;	nodeperswitch:1;	replay:none;	runtype:simgrid;	repeats:1;	maxprocesses:28;	cleanafter:true;	bfstype:replicated;	himenogridsize:S;	privatize:yes;	corepernode:1;	himenokmax:4;	cacheusage:use;	power:1000000000000.0;	cablebw:25000000000.0;	switchlat:0;	collselector:mvapich2;	switchbw:1.0e+16;	defaultdistance:5;	addproperties:[];	tracing:false;	configpath:/home/huyao/simgrid-template/MpiEnv/config/petra20170524-huyao;	nswitches:64;	resultfile:result_64;	displayname:0_petra-hikari-fullyconnected;	layoutedges:size_64/petra-hikari-fullyconnected.edges;	platformfile:platforms/0_petra-hikari-fullyconnected.xml;	hostfile:platforms/0_petra-hikari-fullyconnected.txt;	benchname:is;	benchclass:A;	resultpath:/home/huyao/simgrid-template/MpiEnv/config/petra20170524-huyao/result_64.csv;	
0_petra-elec_fullyconnected;	cg;	1.05613;	52494.36;	820.22;	verbose:true;	switchperrack:1;	nodeperswitch:1;	replay:none;	runtype:simgrid;	repeats:1;	maxprocesses:28;	cleanafter:true;	bfstype:replicated;	himenogridsize:S;	privatize:yes;	corepernode:1;	himenokmax:4;	cacheusage:use;	power:1000000000000.0;	cablebw:25000000000.0;	switchlat:0;	collselector:mvapich2;	switchbw:1.0e+16;	defaultdistance:5;	addproperties:[];	tracing:false;	configpath:/home/huyao/simgrid-template/MpiEnv/config/petra20170524-huyao;	nswitches:64;	resultfile:result_64;	displayname:0_petra-elec_fullyconnected;	layoutedges:size_64/petra-elec_fullyconnected.edges;	platformfile:platforms/0_petra-elec_fullyconnected.xml;	hostfile:platforms/0_petra-elec_fullyconnected.txt;	benchname:cg;	benchclass:B;	resultpath:/home/huyao/simgrid-template/MpiEnv/config/petra20170524-huyao/result_64.csv;	
0_3torus-4-4-4-400Gbps;	cg;	1.13297;	48935.99;	764.62;	verbose:true;	switchperrack:1;	nodeperswitch:1;	replay:none;	runtype:simgrid;	repeats:1;	maxprocesses:28;	cleanafter:true;	bfstype:replicated;	himenogridsize:S;	privatize:yes;	corepernode:1;	himenokmax:4;	cacheusage:use;	power:1000000000000.0;	cablebw:25000000000.0;	switchlat:0;	collselector:mvapich2;	switchbw:1.0e+16;	defaultdistance:5;	addproperties:[];	tracing:false;	configpath:/home/huyao/simgrid-template/MpiEnv/config/petra20170524-huyao;	nswitches:64;	resultfile:result_64;	displayname:0_3torus-4-4-4-400Gbps;	layoutedges:size_64/3torus-4-4-4-400Gbps.edges;	platformfile:platforms/0_3torus-4-4-4-400Gbps.xml;	hostfile:platforms/0_3torus-4-4-4-400Gbps.txt;	benchname:cg;	benchclass:B;	resultpath:/home/huyao/simgrid-template/MpiEnv/config/petra20170524-huyao/result_64.csv;	
0_3torus-4-4-4-400Gbps;	is;	0.0;	30526.87;	476.98;	verbose:true;	switchperrack:1;	nodeperswitch:1;	replay:none;	runtype:simgrid;	repeats:1;	maxprocesses:28;	cleanafter:true;	bfstype:replicated;	himenogridsize:S;	privatize:yes;	corepernode:1;	himenokmax:4;	cacheusage:use;	power:1000000000000.0;	cablebw:25000000000.0;	switchlat:0;	collselector:mvapich2;	switchbw:1.0e+16;	defaultdistance:5;	addproperties:[];	tracing:false;	configpath:/home/huyao/simgrid-template/MpiEnv/config/petra20170524-huyao;	nswitches:64;	resultfile:result_64;	displayname:0_3torus-4-4-4-400Gbps;	layoutedges:size_64/3torus-4-4-4-400Gbps.edges;	platformfile:platforms/0_3torus-4-4-4-400Gbps.xml;	hostfile:platforms/0_3torus-4-4-4-400Gbps.txt;	benchname:is;	benchclass:A;	resultpath:/home/huyao/simgrid-template/MpiEnv/config/petra20170524-huyao/result_64.csv;	
0_petra-elec_fullyconnected;	bt;	0.12631;	5599163.73;	87486.93;	verbose:true;	switchperrack:1;	nodeperswitch:1;	replay:none;	runtype:simgrid;	repeats:1;	maxprocesses:28;	cleanafter:true;	bfstype:replicated;	himenogridsize:S;	privatize:yes;	corepernode:1;	himenokmax:4;	cacheusage:use;	power:1000000000000.0;	cablebw:25000000000.0;	switchlat:0;	collselector:mvapich2;	switchbw:1.0e+16;	defaultdistance:5;	addproperties:[];	tracing:false;	configpath:/home/huyao/simgrid-template/MpiEnv/config/petra20170524-huyao;	nswitches:64;	resultfile:result_64;	displayname:0_petra-elec_fullyconnected;	layoutedges:size_64/petra-elec_fullyconnected.edges;	platformfile:platforms/0_petra-elec_fullyconnected.xml;	hostfile:platforms/0_petra-elec_fullyconnected.txt;	benchname:bt;	benchclass:B;	resultpath:/home/huyao/simgrid-template/MpiEnv/config/petra20170524-huyao/result_64.csv;	
0_petra-hikari-fullyconnected;	graph500;	0.00027246;	3670.26;	57.3478125;	verbose:true;	switchperrack:1;	nodeperswitch:1;	replay:none;	runtype:simgrid;	repeats:1;	maxprocesses:28;	cleanafter:true;	bfstype:replicated;	himenogridsize:S;	privatize:yes;	corepernode:1;	himenokmax:4;	cacheusage:use;	power:1000000000000.0;	cablebw:25000000000.0;	switchlat:0;	collselector:mvapich2;	switchbw:1.0e+16;	defaultdistance:5;	addproperties:[];	tracing:false;	configpath:/home/huyao/simgrid-template/MpiEnv/config/petra20170524-huyao;	nswitches:64;	resultfile:result_64;	displayname:0_petra-hikari-fullyconnected;	layoutedges:size_64/petra-hikari-fullyconnected.edges;	platformfile:platforms/0_petra-hikari-fullyconnected.xml;	hostfile:platforms/0_petra-hikari-fullyconnected.txt;	benchname:graph500;	benchclass:tiny;	resultpath:/home/huyao/simgrid-template/MpiEnv/config/petra20170524-huyao/result_64.csv;	
0_3torus-4-4-4-1Tbps;	bt;	0.237648;	2976751.73;	46511.75;	verbose:true;	switchperrack:1;	nodeperswitch:1;	replay:none;	runtype:simgrid;	repeats:1;	maxprocesses:28;	cleanafter:true;	bfstype:replicated;	himenogridsize:S;	privatize:yes;	corepernode:1;	himenokmax:4;	cacheusage:use;	power:1000000000000.0;	cablebw:25000000000.0;	switchlat:0;	collselector:mvapich2;	switchbw:1.0e+16;	defaultdistance:5;	addproperties:[];	tracing:false;	configpath:/home/huyao/simgrid-template/MpiEnv/config/petra20170524-huyao;	nswitches:64;	resultfile:result_64;	displayname:0_3torus-4-4-4-1Tbps;	layoutedges:size_64/3torus-4-4-4-1Tbps.edges;	platformfile:platforms/0_3torus-4-4-4-1Tbps.xml;	hostfile:platforms/0_3torus-4-4-4-1Tbps.txt;	benchname:bt;	benchclass:B;	resultpath:/home/huyao/simgrid-template/MpiEnv/config/petra20170524-huyao/result_64.csv;	
0_petra-hikari-fullyconnected;	sp;	0.261874;	1360404.06;	21256.31;	verbose:true;	switchperrack:1;	nodeperswitch:1;	replay:none;	runtype:simgrid;	repeats:1;	maxprocesses:28;	cleanafter:true;	bfstype:replicated;	himenogridsize:S;	privatize:yes;	corepernode:1;	himenokmax:4;	cacheusage:use;	power:1000000000000.0;	cablebw:25000000000.0;	switchlat:0;	collselector:mvapich2;	switchbw:1.0e+16;	defaultdistance:5;	addproperties:[];	tracing:false;	configpath:/home/huyao/simgrid-template/MpiEnv/config/petra20170524-huyao;	nswitches:64;	resultfile:result_64;	displayname:0_petra-hikari-fullyconnected;	layoutedges:size_64/petra-hikari-fullyconnected.edges;	platformfile:platforms/0_petra-hikari-fullyconnected.xml;	hostfile:platforms/0_petra-hikari-fullyconnected.txt;	benchname:sp;	benchclass:B;	resultpath:/home/huyao/simgrid-template/MpiEnv/config/petra20170524-huyao/result_64.csv;	
0_3torus-4-4-4-400Gbps;	sp;	0.49477;	720097.98;	11251.53;	verbose:true;	switchperrack:1;	nodeperswitch:1;	replay:none;	runtype:simgrid;	repeats:1;	maxprocesses:28;	cleanafter:true;	bfstype:replicated;	himenogridsize:S;	privatize:yes;	corepernode:1;	himenokmax:4;	cacheusage:use;	power:1000000000000.0;	cablebw:25000000000.0;	switchlat:0;	collselector:mvapich2;	switchbw:1.0e+16;	defaultdistance:5;	addproperties:[];	tracing:false;	configpath:/home/huyao/simgrid-template/MpiEnv/config/petra20170524-huyao;	nswitches:64;	resultfile:result_64;	displayname:0_3torus-4-4-4-400Gbps;	layoutedges:size_64/3torus-4-4-4-400Gbps.edges;	platformfile:platforms/0_3torus-4-4-4-400Gbps.xml;	hostfile:platforms/0_3torus-4-4-4-400Gbps.txt;	benchname:sp;	benchclass:B;	resultpath:/home/huyao/simgrid-template/MpiEnv/config/petra20170524-huyao/result_64.csv;	
0_petra-elec_fullyconnected;	sp;	0.261874;	1360404.08;	21256.31;	verbose:true;	switchperrack:1;	nodeperswitch:1;	replay:none;	runtype:simgrid;	repeats:1;	maxprocesses:28;	cleanafter:true;	bfstype:replicated;	himenogridsize:S;	privatize:yes;	corepernode:1;	himenokmax:4;	cacheusage:use;	power:1000000000000.0;	cablebw:25000000000.0;	switchlat:0;	collselector:mvapich2;	switchbw:1.0e+16;	defaultdistance:5;	addproperties:[];	tracing:false;	configpath:/home/huyao/simgrid-template/MpiEnv/config/petra20170524-huyao;	nswitches:64;	resultfile:result_64;	displayname:0_petra-elec_fullyconnected;	layoutedges:size_64/petra-elec_fullyconnected.edges;	platformfile:platforms/0_petra-elec_fullyconnected.xml;	hostfile:platforms/0_petra-elec_fullyconnected.txt;	benchname:sp;	benchclass:B;	resultpath:/home/huyao/simgrid-template/MpiEnv/config/petra20170524-huyao/result_64.csv;	
0_3torus-4-4-4-1Tbps;	graph500;	0.000719343;	1390.16;	21.72125;	verbose:true;	switchperrack:1;	nodeperswitch:1;	replay:none;	runtype:simgrid;	repeats:1;	maxprocesses:28;	cleanafter:true;	bfstype:replicated;	himenogridsize:S;	privatize:yes;	corepernode:1;	himenokmax:4;	cacheusage:use;	power:1000000000000.0;	cablebw:25000000000.0;	switchlat:0;	collselector:mvapich2;	switchbw:1.0e+16;	defaultdistance:5;	addproperties:[];	tracing:false;	configpath:/home/huyao/simgrid-template/MpiEnv/config/petra20170524-huyao;	nswitches:64;	resultfile:result_64;	displayname:0_3torus-4-4-4-1Tbps;	layoutedges:size_64/3torus-4-4-4-1Tbps.edges;	platformfile:platforms/0_3torus-4-4-4-1Tbps.xml;	hostfile:platforms/0_3torus-4-4-4-1Tbps.txt;	benchname:graph500;	benchclass:tiny;	resultpath:/home/huyao/simgrid-template/MpiEnv/config/petra20170524-huyao/result_64.csv;	
0_3torus-4-4-4-400Gbps;	graph500;	0.000719343;	1390.16;	21.72125;	verbose:true;	switchperrack:1;	nodeperswitch:1;	replay:none;	runtype:simgrid;	repeats:1;	maxprocesses:28;	cleanafter:true;	bfstype:replicated;	himenogridsize:S;	privatize:yes;	corepernode:1;	himenokmax:4;	cacheusage:use;	power:1000000000000.0;	cablebw:25000000000.0;	switchlat:0;	collselector:mvapich2;	switchbw:1.0e+16;	defaultdistance:5;	addproperties:[];	tracing:false;	configpath:/home/huyao/simgrid-template/MpiEnv/config/petra20170524-huyao;	nswitches:64;	resultfile:result_64;	displayname:0_3torus-4-4-4-400Gbps;	layoutedges:size_64/3torus-4-4-4-400Gbps.edges;	platformfile:platforms/0_3torus-4-4-4-400Gbps.xml;	hostfile:platforms/0_3torus-4-4-4-400Gbps.txt;	benchname:graph500;	benchclass:tiny;	resultpath:/home/huyao/simgrid-template/MpiEnv/config/petra20170524-huyao/result_64.csv;	
0_petra-hikari-fullyconnected;	lu;	0.885336;	566467.58;	8851.06;	verbose:true;	switchperrack:1;	nodeperswitch:1;	replay:none;	runtype:simgrid;	repeats:1;	maxprocesses:28;	cleanafter:true;	bfstype:replicated;	himenogridsize:S;	privatize:yes;	corepernode:1;	himenokmax:4;	cacheusage:use;	power:1000000000000.0;	cablebw:25000000000.0;	switchlat:0;	collselector:mvapich2;	switchbw:1.0e+16;	defaultdistance:5;	addproperties:[];	tracing:false;	configpath:/home/huyao/simgrid-template/MpiEnv/config/petra20170524-huyao;	nswitches:64;	resultfile:result_64;	displayname:0_petra-hikari-fullyconnected;	layoutedges:size_64/petra-hikari-fullyconnected.edges;	platformfile:platforms/0_petra-hikari-fullyconnected.xml;	hostfile:platforms/0_petra-hikari-fullyconnected.txt;	benchname:lu;	benchclass:B;	resultpath:/home/huyao/simgrid-template/MpiEnv/config/petra20170524-huyao/result_64.csv;	
0_3torus-4-4-4-1Tbps;	sp;	0.49477;	720098.0;	11251.53;	verbose:true;	switchperrack:1;	nodeperswitch:1;	replay:none;	runtype:simgrid;	repeats:1;	maxprocesses:28;	cleanafter:true;	bfstype:replicated;	himenogridsize:S;	privatize:yes;	corepernode:1;	himenokmax:4;	cacheusage:use;	power:1000000000000.0;	cablebw:25000000000.0;	switchlat:0;	collselector:mvapich2;	switchbw:1.0e+16;	defaultdistance:5;	addproperties:[];	tracing:false;	configpath:/home/huyao/simgrid-template/MpiEnv/config/petra20170524-huyao;	nswitches:64;	resultfile:result_64;	displayname:0_3torus-4-4-4-1Tbps;	layoutedges:size_64/3torus-4-4-4-1Tbps.edges;	platformfile:platforms/0_3torus-4-4-4-1Tbps.xml;	hostfile:platforms/0_3torus-4-4-4-1Tbps.txt;	benchname:sp;	benchclass:B;	resultpath:/home/huyao/simgrid-template/MpiEnv/config/petra20170524-huyao/result_64.csv;	
0_petra-elec_fullyconnected;	lu;	0.885336;	566467.58;	8851.06;	verbose:true;	switchperrack:1;	nodeperswitch:1;	replay:none;	runtype:simgrid;	repeats:1;	maxprocesses:28;	cleanafter:true;	bfstype:replicated;	himenogridsize:S;	privatize:yes;	corepernode:1;	himenokmax:4;	cacheusage:use;	power:1000000000000.0;	cablebw:25000000000.0;	switchlat:0;	collselector:mvapich2;	switchbw:1.0e+16;	defaultdistance:5;	addproperties:[];	tracing:false;	configpath:/home/huyao/simgrid-template/MpiEnv/config/petra20170524-huyao;	nswitches:64;	resultfile:result_64;	displayname:0_petra-elec_fullyconnected;	layoutedges:size_64/petra-elec_fullyconnected.edges;	platformfile:platforms/0_petra-elec_fullyconnected.xml;	hostfile:platforms/0_petra-elec_fullyconnected.txt;	benchname:lu;	benchclass:B;	resultpath:/home/huyao/simgrid-template/MpiEnv/config/petra20170524-huyao/result_64.csv;	
0_3torus-4-4-4-400Gbps;	lu;	1.56537;	320400.55;	5006.26;	verbose:true;	switchperrack:1;	nodeperswitch:1;	replay:none;	runtype:simgrid;	repeats:1;	maxprocesses:28;	cleanafter:true;	bfstype:replicated;	himenogridsize:S;	privatize:yes;	corepernode:1;	himenokmax:4;	cacheusage:use;	power:1000000000000.0;	cablebw:25000000000.0;	switchlat:0;	collselector:mvapich2;	switchbw:1.0e+16;	defaultdistance:5;	addproperties:[];	tracing:false;	configpath:/home/huyao/simgrid-template/MpiEnv/config/petra20170524-huyao;	nswitches:64;	resultfile:result_64;	displayname:0_3torus-4-4-4-400Gbps;	layoutedges:size_64/3torus-4-4-4-400Gbps.edges;	platformfile:platforms/0_3torus-4-4-4-400Gbps.xml;	hostfile:platforms/0_3torus-4-4-4-400Gbps.txt;	benchname:lu;	benchclass:B;	resultpath:/home/huyao/simgrid-template/MpiEnv/config/petra20170524-huyao/result_64.csv;	
0_3torus-4-4-4-1Tbps;	lu;	1.56537;	320400.55;	5006.26;	verbose:true;	switchperrack:1;	nodeperswitch:1;	replay:none;	runtype:simgrid;	repeats:1;	maxprocesses:28;	cleanafter:true;	bfstype:replicated;	himenogridsize:S;	privatize:yes;	corepernode:1;	himenokmax:4;	cacheusage:use;	power:1000000000000.0;	cablebw:25000000000.0;	switchlat:0;	collselector:mvapich2;	switchbw:1.0e+16;	defaultdistance:5;	addproperties:[];	tracing:false;	configpath:/home/huyao/simgrid-template/MpiEnv/config/petra20170524-huyao;	nswitches:64;	resultfile:result_64;	displayname:0_3torus-4-4-4-1Tbps;	layoutedges:size_64/3torus-4-4-4-1Tbps.edges;	platformfile:platforms/0_3torus-4-4-4-1Tbps.xml;	hostfile:platforms/0_3torus-4-4-4-1Tbps.txt;	benchname:lu;	benchclass:B;	resultpath:/home/huyao/simgrid-template/MpiEnv/config/petra20170524-huyao/result_64.csv;	
