0_3torus-4-4-4-400Gbps;	mm;	0.0099976;	100.02400576138272;	1.562875090021605;	verbose:true;	switchperrack:1;	nodeperswitch:1;	replay:none;	runtype:simgrid;	repeats:1;	maxprocesses:28;	cleanafter:true;	bfstype:replicated;	himenogridsize:S;	privatize:yes;	corepernode:1;	himenokmax:4;	cacheusage:use;	power:1000000000000.0;	cablebw:400000000000.0;	switchlat:1.0e-07;	collselector:mvapich2;	switchbw:1.0e+16;	defaultdistance:5;	addproperties:[];	tracing:false;	configpath:/home/huyao/simgrid-template/MpiEnv/config/petra20170524-huyao;	nswitches:64;	resultfile:result_64_elec_100ns;	displayname:0_3torus-4-4-4-400Gbps;	layoutedges:size_64/3torus-4-4-4-400Gbps.edges;	platformfile:platforms/0_3torus-4-4-4-400Gbps.xml;	hostfile:platforms/0_3torus-4-4-4-400Gbps.txt;	benchname:mm;	resultpath:/home/huyao/simgrid-template/MpiEnv/config/petra20170524-huyao/result_64_elec_100ns.csv;	
0_3torus-4-4-4-400Gbps;	cg;	1.1103;	49935.62;	780.24;	verbose:true;	switchperrack:1;	nodeperswitch:1;	replay:none;	runtype:simgrid;	repeats:1;	maxprocesses:28;	cleanafter:true;	bfstype:replicated;	himenogridsize:S;	privatize:yes;	corepernode:1;	himenokmax:4;	cacheusage:use;	power:1000000000000.0;	cablebw:400000000000.0;	switchlat:1.0e-07;	collselector:mvapich2;	switchbw:1.0e+16;	defaultdistance:5;	addproperties:[];	tracing:false;	configpath:/home/huyao/simgrid-template/MpiEnv/config/petra20170524-huyao;	nswitches:64;	resultfile:result_64_elec_100ns;	displayname:0_3torus-4-4-4-400Gbps;	layoutedges:size_64/3torus-4-4-4-400Gbps.edges;	platformfile:platforms/0_3torus-4-4-4-400Gbps.xml;	hostfile:platforms/0_3torus-4-4-4-400Gbps.txt;	benchname:cg;	benchclass:B;	resultpath:/home/huyao/simgrid-template/MpiEnv/config/petra20170524-huyao/result_64_elec_100ns.csv;	
0_3torus-4-4-4-400Gbps;	dt;	0.0;	55534.23;	867.72;	verbose:true;	switchperrack:1;	nodeperswitch:1;	replay:none;	runtype:simgrid;	repeats:1;	maxprocesses:28;	cleanafter:true;	bfstype:replicated;	himenogridsize:S;	privatize:yes;	corepernode:1;	himenokmax:4;	cacheusage:use;	power:1000000000000.0;	cablebw:400000000000.0;	switchlat:1.0e-07;	collselector:mvapich2;	switchbw:1.0e+16;	defaultdistance:5;	addproperties:[];	tracing:false;	configpath:/home/huyao/simgrid-template/MpiEnv/config/petra20170524-huyao;	nswitches:64;	resultfile:result_64_elec_100ns;	displayname:0_3torus-4-4-4-400Gbps;	layoutedges:size_64/3torus-4-4-4-400Gbps.edges;	platformfile:platforms/0_3torus-4-4-4-400Gbps.xml;	hostfile:platforms/0_3torus-4-4-4-400Gbps.txt;	benchname:dt;	benchclass:B;	resultpath:/home/huyao/simgrid-template/MpiEnv/config/petra20170524-huyao/result_64_elec_100ns.csv;	
0_3torus-4-4-4-400Gbps;	ft;	0.0183562;	449570.17;	7024.53;	verbose:true;	switchperrack:1;	nodeperswitch:1;	replay:none;	runtype:simgrid;	repeats:1;	maxprocesses:28;	cleanafter:true;	bfstype:replicated;	himenogridsize:S;	privatize:yes;	corepernode:1;	himenokmax:4;	cacheusage:use;	power:1000000000000.0;	cablebw:400000000000.0;	switchlat:1.0e-07;	collselector:mvapich2;	switchbw:1.0e+16;	defaultdistance:5;	addproperties:[];	tracing:false;	configpath:/home/huyao/simgrid-template/MpiEnv/config/petra20170524-huyao;	nswitches:64;	resultfile:result_64_elec_100ns;	displayname:0_3torus-4-4-4-400Gbps;	layoutedges:size_64/3torus-4-4-4-400Gbps.edges;	platformfile:platforms/0_3torus-4-4-4-400Gbps.xml;	hostfile:platforms/0_3torus-4-4-4-400Gbps.txt;	benchname:ft;	benchclass:A;	resultpath:/home/huyao/simgrid-template/MpiEnv/config/petra20170524-huyao/result_64_elec_100ns.csv;	
0_3torus-4-4-4-400Gbps;	is;	0.0;	61613.21;	962.71;	verbose:true;	switchperrack:1;	nodeperswitch:1;	replay:none;	runtype:simgrid;	repeats:1;	maxprocesses:28;	cleanafter:true;	bfstype:replicated;	himenogridsize:S;	privatize:yes;	corepernode:1;	himenokmax:4;	cacheusage:use;	power:1000000000000.0;	cablebw:400000000000.0;	switchlat:1.0e-07;	collselector:mvapich2;	switchbw:1.0e+16;	defaultdistance:5;	addproperties:[];	tracing:false;	configpath:/home/huyao/simgrid-template/MpiEnv/config/petra20170524-huyao;	nswitches:64;	resultfile:result_64_elec_100ns;	displayname:0_3torus-4-4-4-400Gbps;	layoutedges:size_64/3torus-4-4-4-400Gbps.edges;	platformfile:platforms/0_3torus-4-4-4-400Gbps.xml;	hostfile:platforms/0_3torus-4-4-4-400Gbps.txt;	benchname:is;	benchclass:A;	resultpath:/home/huyao/simgrid-template/MpiEnv/config/petra20170524-huyao/result_64_elec_100ns.csv;	
0_3torus-4-4-4-400Gbps;	sp;	0.482753;	738083.26;	11532.55;	verbose:true;	switchperrack:1;	nodeperswitch:1;	replay:none;	runtype:simgrid;	repeats:1;	maxprocesses:28;	cleanafter:true;	bfstype:replicated;	himenogridsize:S;	privatize:yes;	corepernode:1;	himenokmax:4;	cacheusage:use;	power:1000000000000.0;	cablebw:400000000000.0;	switchlat:1.0e-07;	collselector:mvapich2;	switchbw:1.0e+16;	defaultdistance:5;	addproperties:[];	tracing:false;	configpath:/home/huyao/simgrid-template/MpiEnv/config/petra20170524-huyao;	nswitches:64;	resultfile:result_64_elec_100ns;	displayname:0_3torus-4-4-4-400Gbps;	layoutedges:size_64/3torus-4-4-4-400Gbps.edges;	platformfile:platforms/0_3torus-4-4-4-400Gbps.xml;	hostfile:platforms/0_3torus-4-4-4-400Gbps.txt;	benchname:sp;	benchclass:B;	resultpath:/home/huyao/simgrid-template/MpiEnv/config/petra20170524-huyao/result_64_elec_100ns.csv;	
0_3torus-4-4-4-400Gbps;	mg;	0.0214898;	1433411.37;	22397.05;	verbose:true;	switchperrack:1;	nodeperswitch:1;	replay:none;	runtype:simgrid;	repeats:1;	maxprocesses:28;	cleanafter:true;	bfstype:replicated;	himenogridsize:S;	privatize:yes;	corepernode:1;	himenokmax:4;	cacheusage:use;	power:1000000000000.0;	cablebw:400000000000.0;	switchlat:1.0e-07;	collselector:mvapich2;	switchbw:1.0e+16;	defaultdistance:5;	addproperties:[];	tracing:false;	configpath:/home/huyao/simgrid-template/MpiEnv/config/petra20170524-huyao;	nswitches:64;	resultfile:result_64_elec_100ns;	displayname:0_3torus-4-4-4-400Gbps;	layoutedges:size_64/3torus-4-4-4-400Gbps.edges;	platformfile:platforms/0_3torus-4-4-4-400Gbps.xml;	hostfile:platforms/0_3torus-4-4-4-400Gbps.txt;	benchname:mg;	benchclass:B;	resultpath:/home/huyao/simgrid-template/MpiEnv/config/petra20170524-huyao/result_64_elec_100ns.csv;	
0_3torus-4-4-4-400Gbps;	graph500;	0.000749789;	1333.71;	20.83921875;	verbose:true;	switchperrack:1;	nodeperswitch:1;	replay:none;	runtype:simgrid;	repeats:1;	maxprocesses:28;	cleanafter:true;	bfstype:replicated;	himenogridsize:S;	privatize:yes;	corepernode:1;	himenokmax:4;	cacheusage:use;	power:1000000000000.0;	cablebw:400000000000.0;	switchlat:1.0e-07;	collselector:mvapich2;	switchbw:1.0e+16;	defaultdistance:5;	addproperties:[];	tracing:false;	configpath:/home/huyao/simgrid-template/MpiEnv/config/petra20170524-huyao;	nswitches:64;	resultfile:result_64_elec_100ns;	displayname:0_3torus-4-4-4-400Gbps;	layoutedges:size_64/3torus-4-4-4-400Gbps.edges;	platformfile:platforms/0_3torus-4-4-4-400Gbps.xml;	hostfile:platforms/0_3torus-4-4-4-400Gbps.txt;	benchname:graph500;	benchclass:tiny;	resultpath:/home/huyao/simgrid-template/MpiEnv/config/petra20170524-huyao/result_64_elec_100ns.csv;	
0_3torus-4-4-4-1Tbps;	mm;	0.00999242;	100.07585749998499;	1.5636852734372655;	verbose:true;	switchperrack:1;	nodeperswitch:1;	replay:none;	runtype:simgrid;	repeats:1;	maxprocesses:28;	cleanafter:true;	bfstype:replicated;	himenogridsize:S;	privatize:yes;	corepernode:1;	himenokmax:4;	cacheusage:use;	power:1000000000000.0;	cablebw:400000000000.0;	switchlat:1.0e-07;	collselector:mvapich2;	switchbw:1.0e+16;	defaultdistance:5;	addproperties:[];	tracing:false;	configpath:/home/huyao/simgrid-template/MpiEnv/config/petra20170524-huyao;	nswitches:64;	resultfile:result_64_elec_100ns;	displayname:0_3torus-4-4-4-1Tbps;	layoutedges:size_64/3torus-4-4-4-1Tbps.edges;	platformfile:platforms/0_3torus-4-4-4-1Tbps.xml;	hostfile:platforms/0_3torus-4-4-4-1Tbps.txt;	benchname:mm;	benchclass:tiny;	resultpath:/home/huyao/simgrid-template/MpiEnv/config/petra20170524-huyao/result_64_elec_100ns.csv;	
0_3torus-4-4-4-1Tbps;	bt;	0.228026;	3103323.71;	48489.43;	verbose:true;	switchperrack:1;	nodeperswitch:1;	replay:none;	runtype:simgrid;	repeats:1;	maxprocesses:28;	cleanafter:true;	bfstype:replicated;	himenogridsize:S;	privatize:yes;	corepernode:1;	himenokmax:4;	cacheusage:use;	power:1000000000000.0;	cablebw:400000000000.0;	switchlat:1.0e-07;	collselector:mvapich2;	switchbw:1.0e+16;	defaultdistance:5;	addproperties:[];	tracing:false;	configpath:/home/huyao/simgrid-template/MpiEnv/config/petra20170524-huyao;	nswitches:64;	resultfile:result_64_elec_100ns;	displayname:0_3torus-4-4-4-1Tbps;	layoutedges:size_64/3torus-4-4-4-1Tbps.edges;	platformfile:platforms/0_3torus-4-4-4-1Tbps.xml;	hostfile:platforms/0_3torus-4-4-4-1Tbps.txt;	benchname:bt;	benchclass:B;	resultpath:/home/huyao/simgrid-template/MpiEnv/config/petra20170524-huyao/result_64_elec_100ns.csv;	
0_3torus-4-4-4-1Tbps;	cg;	1.10852;	50015.75;	781.5;	verbose:true;	switchperrack:1;	nodeperswitch:1;	replay:none;	runtype:simgrid;	repeats:1;	maxprocesses:28;	cleanafter:true;	bfstype:replicated;	himenogridsize:S;	privatize:yes;	corepernode:1;	himenokmax:4;	cacheusage:use;	power:1000000000000.0;	cablebw:400000000000.0;	switchlat:1.0e-07;	collselector:mvapich2;	switchbw:1.0e+16;	defaultdistance:5;	addproperties:[];	tracing:false;	configpath:/home/huyao/simgrid-template/MpiEnv/config/petra20170524-huyao;	nswitches:64;	resultfile:result_64_elec_100ns;	displayname:0_3torus-4-4-4-1Tbps;	layoutedges:size_64/3torus-4-4-4-1Tbps.edges;	platformfile:platforms/0_3torus-4-4-4-1Tbps.xml;	hostfile:platforms/0_3torus-4-4-4-1Tbps.txt;	benchname:cg;	benchclass:B;	resultpath:/home/huyao/simgrid-template/MpiEnv/config/petra20170524-huyao/result_64_elec_100ns.csv;	
0_3torus-4-4-4-1Tbps;	dt;	0.0;	58176.15;	909.0;	verbose:true;	switchperrack:1;	nodeperswitch:1;	replay:none;	runtype:simgrid;	repeats:1;	maxprocesses:28;	cleanafter:true;	bfstype:replicated;	himenogridsize:S;	privatize:yes;	corepernode:1;	himenokmax:4;	cacheusage:use;	power:1000000000000.0;	cablebw:400000000000.0;	switchlat:1.0e-07;	collselector:mvapich2;	switchbw:1.0e+16;	defaultdistance:5;	addproperties:[];	tracing:false;	configpath:/home/huyao/simgrid-template/MpiEnv/config/petra20170524-huyao;	nswitches:64;	resultfile:result_64_elec_100ns;	displayname:0_3torus-4-4-4-1Tbps;	layoutedges:size_64/3torus-4-4-4-1Tbps.edges;	platformfile:platforms/0_3torus-4-4-4-1Tbps.xml;	hostfile:platforms/0_3torus-4-4-4-1Tbps.txt;	benchname:dt;	benchclass:B;	resultpath:/home/huyao/simgrid-template/MpiEnv/config/petra20170524-huyao/result_64_elec_100ns.csv;	
0_3torus-4-4-4-1Tbps;	ft;	0.0183284;	450260.28;	7035.32;	verbose:true;	switchperrack:1;	nodeperswitch:1;	replay:none;	runtype:simgrid;	repeats:1;	maxprocesses:28;	cleanafter:true;	bfstype:replicated;	himenogridsize:S;	privatize:yes;	corepernode:1;	himenokmax:4;	cacheusage:use;	power:1000000000000.0;	cablebw:400000000000.0;	switchlat:1.0e-07;	collselector:mvapich2;	switchbw:1.0e+16;	defaultdistance:5;	addproperties:[];	tracing:false;	configpath:/home/huyao/simgrid-template/MpiEnv/config/petra20170524-huyao;	nswitches:64;	resultfile:result_64_elec_100ns;	displayname:0_3torus-4-4-4-1Tbps;	layoutedges:size_64/3torus-4-4-4-1Tbps.edges;	platformfile:platforms/0_3torus-4-4-4-1Tbps.xml;	hostfile:platforms/0_3torus-4-4-4-1Tbps.txt;	benchname:ft;	benchclass:A;	resultpath:/home/huyao/simgrid-template/MpiEnv/config/petra20170524-huyao/result_64_elec_100ns.csv;	
0_3torus-4-4-4-1Tbps;	is;	0.0;	62295.08;	973.36;	verbose:true;	switchperrack:1;	nodeperswitch:1;	replay:none;	runtype:simgrid;	repeats:1;	maxprocesses:28;	cleanafter:true;	bfstype:replicated;	himenogridsize:S;	privatize:yes;	corepernode:1;	himenokmax:4;	cacheusage:use;	power:1000000000000.0;	cablebw:400000000000.0;	switchlat:1.0e-07;	collselector:mvapich2;	switchbw:1.0e+16;	defaultdistance:5;	addproperties:[];	tracing:false;	configpath:/home/huyao/simgrid-template/MpiEnv/config/petra20170524-huyao;	nswitches:64;	resultfile:result_64_elec_100ns;	displayname:0_3torus-4-4-4-1Tbps;	layoutedges:size_64/3torus-4-4-4-1Tbps.edges;	platformfile:platforms/0_3torus-4-4-4-1Tbps.xml;	hostfile:platforms/0_3torus-4-4-4-1Tbps.txt;	benchname:is;	benchclass:A;	resultpath:/home/huyao/simgrid-template/MpiEnv/config/petra20170524-huyao/result_64_elec_100ns.csv;	
0_3torus-4-4-4-1Tbps;	lu;	1.63156;	307394.31;	4803.04;	verbose:true;	switchperrack:1;	nodeperswitch:1;	replay:none;	runtype:simgrid;	repeats:1;	maxprocesses:28;	cleanafter:true;	bfstype:replicated;	himenogridsize:S;	privatize:yes;	corepernode:1;	himenokmax:4;	cacheusage:use;	power:1000000000000.0;	cablebw:400000000000.0;	switchlat:1.0e-07;	collselector:mvapich2;	switchbw:1.0e+16;	defaultdistance:5;	addproperties:[];	tracing:false;	configpath:/home/huyao/simgrid-template/MpiEnv/config/petra20170524-huyao;	nswitches:64;	resultfile:result_64_elec_100ns;	displayname:0_3torus-4-4-4-1Tbps;	layoutedges:size_64/3torus-4-4-4-1Tbps.edges;	platformfile:platforms/0_3torus-4-4-4-1Tbps.xml;	hostfile:platforms/0_3torus-4-4-4-1Tbps.txt;	benchname:lu;	benchclass:B;	resultpath:/home/huyao/simgrid-template/MpiEnv/config/petra20170524-huyao/result_64_elec_100ns.csv;	
0_3torus-4-4-4-1Tbps;	sp;	0.482643;	738246.5;	11535.1;	verbose:true;	switchperrack:1;	nodeperswitch:1;	replay:none;	runtype:simgrid;	repeats:1;	maxprocesses:28;	cleanafter:true;	bfstype:replicated;	himenogridsize:S;	privatize:yes;	corepernode:1;	himenokmax:4;	cacheusage:use;	power:1000000000000.0;	cablebw:400000000000.0;	switchlat:1.0e-07;	collselector:mvapich2;	switchbw:1.0e+16;	defaultdistance:5;	addproperties:[];	tracing:false;	configpath:/home/huyao/simgrid-template/MpiEnv/config/petra20170524-huyao;	nswitches:64;	resultfile:result_64_elec_100ns;	displayname:0_3torus-4-4-4-1Tbps;	layoutedges:size_64/3torus-4-4-4-1Tbps.edges;	platformfile:platforms/0_3torus-4-4-4-1Tbps.xml;	hostfile:platforms/0_3torus-4-4-4-1Tbps.txt;	benchname:sp;	benchclass:B;	resultpath:/home/huyao/simgrid-template/MpiEnv/config/petra20170524-huyao/result_64_elec_100ns.csv;	
0_3torus-4-4-4-1Tbps;	mg;	0.0214354;	1438721.13;	22480.02;	verbose:true;	switchperrack:1;	nodeperswitch:1;	replay:none;	runtype:simgrid;	repeats:1;	maxprocesses:28;	cleanafter:true;	bfstype:replicated;	himenogridsize:S;	privatize:yes;	corepernode:1;	himenokmax:4;	cacheusage:use;	power:1000000000000.0;	cablebw:400000000000.0;	switchlat:1.0e-07;	collselector:mvapich2;	switchbw:1.0e+16;	defaultdistance:5;	addproperties:[];	tracing:false;	configpath:/home/huyao/simgrid-template/MpiEnv/config/petra20170524-huyao;	nswitches:64;	resultfile:result_64_elec_100ns;	displayname:0_3torus-4-4-4-1Tbps;	layoutedges:size_64/3torus-4-4-4-1Tbps.edges;	platformfile:platforms/0_3torus-4-4-4-1Tbps.xml;	hostfile:platforms/0_3torus-4-4-4-1Tbps.txt;	benchname:mg;	benchclass:B;	resultpath:/home/huyao/simgrid-template/MpiEnv/config/petra20170524-huyao/result_64_elec_100ns.csv;	
0_3torus-4-4-4-1Tbps;	graph500;	0.000749674;	1333.91;	20.84234375;	verbose:true;	switchperrack:1;	nodeperswitch:1;	replay:none;	runtype:simgrid;	repeats:1;	maxprocesses:28;	cleanafter:true;	bfstype:replicated;	himenogridsize:S;	privatize:yes;	corepernode:1;	himenokmax:4;	cacheusage:use;	power:1000000000000.0;	cablebw:400000000000.0;	switchlat:1.0e-07;	collselector:mvapich2;	switchbw:1.0e+16;	defaultdistance:5;	addproperties:[];	tracing:false;	configpath:/home/huyao/simgrid-template/MpiEnv/config/petra20170524-huyao;	nswitches:64;	resultfile:result_64_elec_100ns;	displayname:0_3torus-4-4-4-1Tbps;	layoutedges:size_64/3torus-4-4-4-1Tbps.edges;	platformfile:platforms/0_3torus-4-4-4-1Tbps.xml;	hostfile:platforms/0_3torus-4-4-4-1Tbps.txt;	benchname:graph500;	benchclass:tiny;	resultpath:/home/huyao/simgrid-template/MpiEnv/config/petra20170524-huyao/result_64_elec_100ns.csv;	
0_petra-elec_fullyconnected;	mm;	0.00428675;	233.2769580684668;	3.6449524698197937;	verbose:true;	switchperrack:1;	nodeperswitch:1;	replay:none;	runtype:simgrid;	repeats:1;	maxprocesses:28;	cleanafter:true;	bfstype:replicated;	himenogridsize:S;	privatize:yes;	corepernode:1;	himenokmax:4;	cacheusage:use;	power:1000000000000.0;	cablebw:400000000000.0;	switchlat:1.0e-07;	collselector:mvapich2;	switchbw:1.0e+16;	defaultdistance:5;	addproperties:[];	tracing:false;	configpath:/home/huyao/simgrid-template/MpiEnv/config/petra20170524-huyao;	nswitches:64;	resultfile:result_64_elec_100ns;	displayname:0_petra-elec_fullyconnected;	layoutedges:size_64/petra-elec_fullyconnected.edges;	platformfile:platforms/0_petra-elec_fullyconnected.xml;	hostfile:platforms/0_petra-elec_fullyconnected.txt;	benchname:mm;	benchclass:tiny;	resultpath:/home/huyao/simgrid-template/MpiEnv/config/petra20170524-huyao/result_64_elec_100ns.csv;	
0_petra-elec_fullyconnected;	bt;	0.108216;	6535973.49;	102124.59;	verbose:true;	switchperrack:1;	nodeperswitch:1;	replay:none;	runtype:simgrid;	repeats:1;	maxprocesses:28;	cleanafter:true;	bfstype:replicated;	himenogridsize:S;	privatize:yes;	corepernode:1;	himenokmax:4;	cacheusage:use;	power:1000000000000.0;	cablebw:400000000000.0;	switchlat:1.0e-07;	collselector:mvapich2;	switchbw:1.0e+16;	defaultdistance:5;	addproperties:[];	tracing:false;	configpath:/home/huyao/simgrid-template/MpiEnv/config/petra20170524-huyao;	nswitches:64;	resultfile:result_64_elec_100ns;	displayname:0_petra-elec_fullyconnected;	layoutedges:size_64/petra-elec_fullyconnected.edges;	platformfile:platforms/0_petra-elec_fullyconnected.xml;	hostfile:platforms/0_petra-elec_fullyconnected.txt;	benchname:bt;	benchclass:B;	resultpath:/home/huyao/simgrid-template/MpiEnv/config/petra20170524-huyao/result_64_elec_100ns.csv;	
0_petra-elec_fullyconnected;	cg;	1.04145;	53234.17;	831.78;	verbose:true;	switchperrack:1;	nodeperswitch:1;	replay:none;	runtype:simgrid;	repeats:1;	maxprocesses:28;	cleanafter:true;	bfstype:replicated;	himenogridsize:S;	privatize:yes;	corepernode:1;	himenokmax:4;	cacheusage:use;	power:1000000000000.0;	cablebw:400000000000.0;	switchlat:1.0e-07;	collselector:mvapich2;	switchbw:1.0e+16;	defaultdistance:5;	addproperties:[];	tracing:false;	configpath:/home/huyao/simgrid-template/MpiEnv/config/petra20170524-huyao;	nswitches:64;	resultfile:result_64_elec_100ns;	displayname:0_petra-elec_fullyconnected;	layoutedges:size_64/petra-elec_fullyconnected.edges;	platformfile:platforms/0_petra-elec_fullyconnected.xml;	hostfile:platforms/0_petra-elec_fullyconnected.txt;	benchname:cg;	benchclass:B;	resultpath:/home/huyao/simgrid-template/MpiEnv/config/petra20170524-huyao/result_64_elec_100ns.csv;	
0_petra-elec_fullyconnected;	dt;	0.0;	90511.77;	1414.25;	verbose:true;	switchperrack:1;	nodeperswitch:1;	replay:none;	runtype:simgrid;	repeats:1;	maxprocesses:28;	cleanafter:true;	bfstype:replicated;	himenogridsize:S;	privatize:yes;	corepernode:1;	himenokmax:4;	cacheusage:use;	power:1000000000000.0;	cablebw:400000000000.0;	switchlat:1.0e-07;	collselector:mvapich2;	switchbw:1.0e+16;	defaultdistance:5;	addproperties:[];	tracing:false;	configpath:/home/huyao/simgrid-template/MpiEnv/config/petra20170524-huyao;	nswitches:64;	resultfile:result_64_elec_100ns;	displayname:0_petra-elec_fullyconnected;	layoutedges:size_64/petra-elec_fullyconnected.edges;	platformfile:platforms/0_petra-elec_fullyconnected.xml;	hostfile:platforms/0_petra-elec_fullyconnected.txt;	benchname:dt;	benchclass:B;	resultpath:/home/huyao/simgrid-template/MpiEnv/config/petra20170524-huyao/result_64_elec_100ns.csv;	
0_petra-elec_fullyconnected;	ft;	0.00736593;	1120535.5;	17508.37;	verbose:true;	switchperrack:1;	nodeperswitch:1;	replay:none;	runtype:simgrid;	repeats:1;	maxprocesses:28;	cleanafter:true;	bfstype:replicated;	himenogridsize:S;	privatize:yes;	corepernode:1;	himenokmax:4;	cacheusage:use;	power:1000000000000.0;	cablebw:400000000000.0;	switchlat:1.0e-07;	collselector:mvapich2;	switchbw:1.0e+16;	defaultdistance:5;	addproperties:[];	tracing:false;	configpath:/home/huyao/simgrid-template/MpiEnv/config/petra20170524-huyao;	nswitches:64;	resultfile:result_64_elec_100ns;	displayname:0_petra-elec_fullyconnected;	layoutedges:size_64/petra-elec_fullyconnected.edges;	platformfile:platforms/0_petra-elec_fullyconnected.xml;	hostfile:platforms/0_petra-elec_fullyconnected.txt;	benchname:ft;	benchclass:A;	resultpath:/home/huyao/simgrid-template/MpiEnv/config/petra20170524-huyao/result_64_elec_100ns.csv;	
0_petra-elec_fullyconnected;	is;	0.0;	164980.9;	2577.83;	verbose:true;	switchperrack:1;	nodeperswitch:1;	replay:none;	runtype:simgrid;	repeats:1;	maxprocesses:28;	cleanafter:true;	bfstype:replicated;	himenogridsize:S;	privatize:yes;	corepernode:1;	himenokmax:4;	cacheusage:use;	power:1000000000000.0;	cablebw:400000000000.0;	switchlat:1.0e-07;	collselector:mvapich2;	switchbw:1.0e+16;	defaultdistance:5;	addproperties:[];	tracing:false;	configpath:/home/huyao/simgrid-template/MpiEnv/config/petra20170524-huyao;	nswitches:64;	resultfile:result_64_elec_100ns;	displayname:0_petra-elec_fullyconnected;	layoutedges:size_64/petra-elec_fullyconnected.edges;	platformfile:platforms/0_petra-elec_fullyconnected.xml;	hostfile:platforms/0_petra-elec_fullyconnected.txt;	benchname:is;	benchclass:A;	resultpath:/home/huyao/simgrid-template/MpiEnv/config/petra20170524-huyao/result_64_elec_100ns.csv;	
0_petra-elec_fullyconnected;	sp;	0.229221;	1554200.76;	24284.39;	verbose:true;	switchperrack:1;	nodeperswitch:1;	replay:none;	runtype:simgrid;	repeats:1;	maxprocesses:28;	cleanafter:true;	bfstype:replicated;	himenogridsize:S;	privatize:yes;	corepernode:1;	himenokmax:4;	cacheusage:use;	power:1000000000000.0;	cablebw:400000000000.0;	switchlat:1.0e-07;	collselector:mvapich2;	switchbw:1.0e+16;	defaultdistance:5;	addproperties:[];	tracing:false;	configpath:/home/huyao/simgrid-template/MpiEnv/config/petra20170524-huyao;	nswitches:64;	resultfile:result_64_elec_100ns;	displayname:0_petra-elec_fullyconnected;	layoutedges:size_64/petra-elec_fullyconnected.edges;	platformfile:platforms/0_petra-elec_fullyconnected.xml;	hostfile:platforms/0_petra-elec_fullyconnected.txt;	benchname:sp;	benchclass:B;	resultpath:/home/huyao/simgrid-template/MpiEnv/config/petra20170524-huyao/result_64_elec_100ns.csv;	
0_petra-elec_fullyconnected;	mg;	0.0165748;	1516072.14;	23688.63;	verbose:true;	switchperrack:1;	nodeperswitch:1;	replay:none;	runtype:simgrid;	repeats:1;	maxprocesses:28;	cleanafter:true;	bfstype:replicated;	himenogridsize:S;	privatize:yes;	corepernode:1;	himenokmax:4;	cacheusage:use;	power:1000000000000.0;	cablebw:400000000000.0;	switchlat:1.0e-07;	collselector:mvapich2;	switchbw:1.0e+16;	defaultdistance:5;	addproperties:[];	tracing:false;	configpath:/home/huyao/simgrid-template/MpiEnv/config/petra20170524-huyao;	nswitches:64;	resultfile:result_64_elec_100ns;	displayname:0_petra-elec_fullyconnected;	layoutedges:size_64/petra-elec_fullyconnected.edges;	platformfile:platforms/0_petra-elec_fullyconnected.xml;	hostfile:platforms/0_petra-elec_fullyconnected.txt;	benchname:mg;	benchclass:B;	resultpath:/home/huyao/simgrid-template/MpiEnv/config/petra20170524-huyao/result_64_elec_100ns.csv;	
0_petra-elec_fullyconnected;	graph500;	0.000273629;	3654.58;	57.1028125;	verbose:true;	switchperrack:1;	nodeperswitch:1;	replay:none;	runtype:simgrid;	repeats:1;	maxprocesses:28;	cleanafter:true;	bfstype:replicated;	himenogridsize:S;	privatize:yes;	corepernode:1;	himenokmax:4;	cacheusage:use;	power:1000000000000.0;	cablebw:400000000000.0;	switchlat:1.0e-07;	collselector:mvapich2;	switchbw:1.0e+16;	defaultdistance:5;	addproperties:[];	tracing:false;	configpath:/home/huyao/simgrid-template/MpiEnv/config/petra20170524-huyao;	nswitches:64;	resultfile:result_64_elec_100ns;	displayname:0_petra-elec_fullyconnected;	layoutedges:size_64/petra-elec_fullyconnected.edges;	platformfile:platforms/0_petra-elec_fullyconnected.xml;	hostfile:platforms/0_petra-elec_fullyconnected.txt;	benchname:graph500;	benchclass:tiny;	resultpath:/home/huyao/simgrid-template/MpiEnv/config/petra20170524-huyao/result_64_elec_100ns.csv;	
0_3torus-4-4-4-400Gbps;	bt;	0.228132;	3101737.6;	48464.65;	verbose:true;	switchperrack:1;	nodeperswitch:1;	replay:none;	runtype:simgrid;	repeats:1;	maxprocesses:28;	cleanafter:true;	bfstype:replicated;	himenogridsize:S;	privatize:yes;	corepernode:1;	himenokmax:4;	cacheusage:use;	power:1000000000000.0;	cablebw:400000000000.0;	switchlat:1.0e-07;	collselector:mvapich2;	switchbw:1.0e+16;	defaultdistance:5;	addproperties:[];	tracing:false;	configpath:/home/huyao/simgrid-template/MpiEnv/config/petra20170524-huyao;	nswitches:64;	resultfile:result_64_elec_100ns;	displayname:0_3torus-4-4-4-400Gbps;	layoutedges:size_64/3torus-4-4-4-400Gbps.edges;	platformfile:platforms/0_3torus-4-4-4-400Gbps.xml;	hostfile:platforms/0_3torus-4-4-4-400Gbps.txt;	benchname:bt;	benchclass:B;	resultpath:/home/huyao/simgrid-template/MpiEnv/config/petra20170524-huyao/result_64_elec_100ns.csv;	
0_petra-elec_fullyconnected;	lu;	0.91804;	546237.73;	8534.96;	verbose:true;	switchperrack:1;	nodeperswitch:1;	replay:none;	runtype:simgrid;	repeats:1;	maxprocesses:28;	cleanafter:true;	bfstype:replicated;	himenogridsize:S;	privatize:yes;	corepernode:1;	himenokmax:4;	cacheusage:use;	power:1000000000000.0;	cablebw:400000000000.0;	switchlat:1.0e-07;	collselector:mvapich2;	switchbw:1.0e+16;	defaultdistance:5;	addproperties:[];	tracing:false;	configpath:/home/huyao/simgrid-template/MpiEnv/config/petra20170524-huyao;	nswitches:64;	resultfile:result_64_elec_100ns;	displayname:0_petra-elec_fullyconnected;	layoutedges:size_64/petra-elec_fullyconnected.edges;	platformfile:platforms/0_petra-elec_fullyconnected.xml;	hostfile:platforms/0_petra-elec_fullyconnected.txt;	benchname:lu;	benchclass:B;	resultpath:/home/huyao/simgrid-template/MpiEnv/config/petra20170524-huyao/result_64_elec_100ns.csv;	
0_3torus-4-4-4-400Gbps;	lu;	1.63189;	307332.05;	4802.06;	verbose:true;	switchperrack:1;	nodeperswitch:1;	replay:none;	runtype:simgrid;	repeats:1;	maxprocesses:28;	cleanafter:true;	bfstype:replicated;	himenogridsize:S;	privatize:yes;	corepernode:1;	himenokmax:4;	cacheusage:use;	power:1000000000000.0;	cablebw:400000000000.0;	switchlat:1.0e-07;	collselector:mvapich2;	switchbw:1.0e+16;	defaultdistance:5;	addproperties:[];	tracing:false;	configpath:/home/huyao/simgrid-template/MpiEnv/config/petra20170524-huyao;	nswitches:64;	resultfile:result_64_elec_100ns;	displayname:0_3torus-4-4-4-400Gbps;	layoutedges:size_64/3torus-4-4-4-400Gbps.edges;	platformfile:platforms/0_3torus-4-4-4-400Gbps.xml;	hostfile:platforms/0_3torus-4-4-4-400Gbps.txt;	benchname:lu;	benchclass:B;	resultpath:/home/huyao/simgrid-template/MpiEnv/config/petra20170524-huyao/result_64_elec_100ns.csv;	
